{
    "accuracy": 0.9482288828337875,
    "precision": 0.8837209302325582,
    "recall": 0.7307692307692307,
    "auc": 0.9345102428435763
}